仇曝,2017定,2016定,2015定,2014定,2013定,2012定,2011定,2010定,2009定,2008定
Mongolia,238.9922742,240.9639949,241.3675669,244.200806,250.3445307,256.3450928,265.7477339,273.3518207,278.0828977,270.352563
Greenland,218.7008991,219.7952927,221.6409754,218.468207,221.7125605,224.3861703,228.5445839,233.0177452,236.8725414,239.9383023
Hungary,169.855821,176.1826583,189.4609304,183.2470722,187.3567188,194.7345958,199.3691253,203.1535061,207.9112632,209.8694008
Zimbabwe,166.3216973,168.9196294,170.9574119,173.6450532,177.2733223,182.028041,188.0496703,195.5364029,200.3298019,202.6701203
Swaziland,151.8572825,157.5800447,163.6385867,170.4352749,175.3738052,177.8047087,179.5473868,182.4822156,184.8779432,185.6217041
Uruguay,175.7518513,175.6762739,175.3967226,174.855683,178.3072524,181.0399894,182.3242627,182.1445913,180.3031627,183.1754843
Eritrea,159.7589767,162.4895491,164.9658868,164.7097746,166.639384,169.1236248,171.9405224,174.7584283,175.8634331,178.7074765
Serbia,171.8175244,174.8170631,180.0397698,178.9535025,177.7943691,179.615635,179.2744835,177.484157,178.0935524,176.5800181
Croatia,153.4268278,158.5328879,169.100282,165.5815161,162.6662491,167.9830119,168.8711068,169.2500464,169.3724217,175.0873513
Denmark,151.6693911,151.5723619,151.0760564,153.2700848,157.4559188,161.0977293,164.7071167,171.7612709,172.9856443,173.7723326
Lesotho,154.5889435,160.7189878,165.8036622,167.265219,168.0982705,167.7925373,167.1002807,167.9690884,169.1429507,171.4096244
Tonga,165.7564799,166.7647856,167.7412629,168.4627235,169.0276053,169.5532608,170.0651999,170.537198,169.788688,170.205255
Poland,157.7379797,160.5150848,164.2302513,162.1392429,165.1054004,166.1198075,163.8772707,164.5603646,167.9101453,168.724129
Marshall Islands,160.8527111,161.7168375,163.4888513,163.4510628,164.9737738,165.3757457,166.4117762,167.9566617,167.5058715,168.5194937
Vanuatu,167.7799701,168.2201382,168.3847304,168.3636722,168.5523043,168.6742445,168.762176,168.8404891,168.8168017,168.4308845
Scotland,157.7137396,159.8674408,157.7902253,155.0778871,159.1728159,159.3071671,161.6479277,163.3488167,164.1380831,168.0766292
Slovakia,147.4667516,150.5868752,157.3909131,155.5943215,157.414442,159.5959622,161.2219512,162.1457648,165.1624336,165.8246325
Czech Republic,139.1765076,139.7498517,141.8639807,143.4171317,148.9259098,152.9790839,156.859722,161.1078229,162.706596,165.409906
United States Virgin Islands,170.5140104,173.7496918,176.7490593,175.6351748,176.5251332,176.7966996,174.7714474,171.3602,167.5158475,164.9497243
Lithuania,141.7089666,143.0567238,144.0861283,143.6216395,148.8682429,148.6448555,150.8752684,153.4609896,152.5491978,164.2365852
Haiti,158.5218952,159.3895031,160.2683631,161.1783425,162.3744417,163.456312,164.3173461,164.2189531,163.7490968,163.9509575
Netherlands,152.8369588,153.7055512,152.6358037,151.9398505,155.9406602,159.1465936,159.9327952,160.5846991,161.5889451,163.5017787
Central Europe,151.023685,153.4093108,157.0402433,155.8491102,157.0995272,159.0516596,159.0074387,161.0077731,162.8114731,163.2718615
Slovenia,137.3698723,138.7759039,143.1747495,141.435577,149.6417668,152.7947627,152.8400289,157.0305007,159.0411865,161.6924452
Latvia,141.0268516,142.7425403,144.3603851,147.7176215,150.7981603,149.8093719,152.2327054,154.7169979,155.2788656,158.9580966
United Arab Emirates,156.6027949,157.0440476,157.647632,157.9243058,158.9676382,159.297487,159.6790492,159.6226842,158.4552582,157.9530537
Bolivia,146.169073,146.8889025,147.7043559,148.6219862,149.7694366,151.0434179,152.3715784,153.6711748,154.8783016,156.0869926
Seychelles,156.4491967,156.0001488,155.3770825,153.1771025,152.786092,154.4665266,156.1811717,156.9759938,156.6694542,155.7149948
Dominica,169.2360383,169.2522739,169.349751,167.6242342,165.4228282,163.5053174,162.6749075,160.1079044,157.5064056,155.1442827
Myanmar,136.3641832,137.7940793,138.8585455,140.0275905,141.8938249,143.6047941,146.093235,148.9920813,152.1958568,154.756836
Wales,143.064386,143.3262661,142.3615987,141.3244723,144.5257652,144.7950912,145.7937877,148.9892051,151.1633464,153.874752
Brunei,157.9435967,160.8545892,162.173842,161.0726294,161.253392,161.6394837,160.5656881,156.1266018,154.406791,153.2669459
Ireland,131.1537137,132.0130663,134.5392575,136.6444453,139.4623686,142.9515534,143.7468306,143.9904317,154.2407434,153.000706
Estonia,130.1068661,132.0601638,135.8831538,141.0138514,140.7155068,143.1211372,142.7868029,143.7183761,150.0937908,152.6837166
Afghanistan,139.3124373,140.0730478,140.9480167,142.1863045,143.4969676,144.8586494,146.4847199,148.0239351,149.536327,151.1541746
Northern Ireland,137.7447077,140.4367554,142.5896784,140.7709686,143.2657184,145.8791678,147.8403134,152.4971475,149.4480422,150.095672
Russia,126.6423862,129.2870223,134.6267043,138.0192868,136.8576086,139.2871934,141.7809542,149.5971448,146.9946864,149.7812018
Bosnia and Herzegovina,151.3927731,152.195013,152.779429,151.2114238,150.1046054,148.3807222,149.3595378,149.2658742,149.7968087,149.3761019
"Central Europe, Eastern Europe, and Central Asia",133.1843187,136.3850159,140.2315313,138.094749,138.9814285,141.0408757,142.3434578,146.5592059,146.5137266,149.2734955
Belgium,132.246792,134.138687,138.3151296,138.935219,144.1015868,146.3049564,147.1059328,148.0818783,148.7544594,149.197082
France,131.8642449,132.8135472,135.2617186,136.5324726,139.728682,142.3430649,144.539193,146.1066226,148.4259725,148.4824779
United Kingdom,139.344479,140.1906321,139.3129922,138.2998533,140.0156641,139.4297334,140.8570735,143.7953917,145.2717633,148.2703639
Guinea-Bissau,139.4359315,140.9362632,141.8891439,142.672369,143.4767367,144.1196131,144.8016692,145.9955382,147.2407496,148.1535641
American Samoa,151.2016852,151.7328609,152.4302189,151.7955852,152.2207386,151.6591208,151.3617617,149.9837166,149.5382436,148.1190511
Armenia,139.4819688,140.7605715,142.6996307,141.8704151,142.0977201,144.158204,146.1084195,148.0823793,148.2862993,147.5045192
Eastern Europe,126.9919193,131.0504046,135.696824,132.2962499,132.8674961,134.9637022,137.2357984,143.6044589,142.4988585,146.9687179
Taiwan,140.4076083,140.5146015,138.8048796,142.8978542,141.7294899,144.6193178,146.5421835,143.2383494,144.1849087,146.8861404
Argentina,138.740418,139.6356814,138.8826011,139.3366256,141.8179401,142.9228792,143.4345575,144.2400011,146.4902326,146.8849103
Southern Sub-Saharan Africa,121.8980085,127.8668689,127.224469,126.4208317,127.5482775,130.1928656,133.538553,138.0216032,142.5499103,145.815673
England,137.2194314,137.9038941,137.0533552,136.2404877,137.5932634,136.779838,138.1166081,141.1029865,142.7380418,145.7246832
Southern Latin America,138.4871078,138.8873329,138.444485,138.8055335,141.4655859,142.5341029,143.3922293,144.5775755,146.0217109,145.7060422
Barbados,141.5586556,141.4922954,141.7460688,141.5397782,140.6621237,141.0421529,143.5424985,144.4141465,144.0773152,145.5542031
Uganda,138.1136422,138.9589166,140.729954,143.1945497,144.0623901,143.9928512,144.0843129,144.6544776,145.078177,145.4656717
Bahamas,146.4453654,146.9386993,147.2580436,147.5358248,147.3853224,146.7777157,147.2152006,145.9757235,145.8667553,144.41903
Pakistan,144.5738647,145.1122766,145.2688281,145.4883855,145.1243225,144.8728598,144.6192677,144.4874183,144.3561313,143.9860351
New Zealand,128.8441881,129.2276499,130.277905,132.1832193,132.7171929,135.4632606,136.8901847,138.0447199,140.9200644,143.3349099
Guinea,144.8600412,145.6489587,146.4009734,146.6516325,145.6012267,144.9769368,144.0430616,143.3911565,142.7981731,142.877553
Montenegro,141.4297829,141.4370993,141.6273065,142.1162519,141.6222182,139.8559619,139.6042171,139.4860224,140.4972475,142.6658712
Romania,143.616593,144.6977702,143.6131391,144.176424,142.0974119,142.176672,140.17027,145.1484876,144.705783,141.8671077
Somalia,137.1715787,137.9397605,138.7107012,139.2122967,139.8439935,140.4762167,140.806376,141.1587292,141.3381065,141.4080484
Ukraine,129.9245829,139.7724857,143.4585417,116.9096131,121.936951,123.4464881,123.1541229,126.9977425,130.5346844,141.4049718
Canada,126.9582571,128.0559943,130.3058009,130.0015677,128.5421739,131.45611,131.5963542,134.9922699,138.2129961,140.7719636
Cuba,140.488409,141.9848259,142.0352261,139.1755026,138.5013092,137.9783235,135.32117,141.1672359,140.7822884,140.0289874
Western Europe,128.8376997,129.9986563,131.1141873,130.6604294,133.2381284,134.4302224,135.8964742,136.9669939,138.831224,139.8539016
Grenada,145.6120167,146.919102,146.3569754,145.7532681,144.6431499,144.4281217,147.3895163,145.29445,142.9176603,139.7121393
Greece,128.9682395,129.4191217,130.0224138,129.3860215,130.6244712,134.4787161,133.3448178,132.5187022,135.7742329,139.6617692
Luxembourg,133.8874868,134.3020462,135.5408523,135.937142,134.9367066,136.3371724,136.884875,138.360713,139.3725925,139.6239138
East Asia,138.2037472,140.9765642,140.7558713,138.3499557,136.6616994,138.4676331,138.8686792,138.8914713,138.9936948,139.0057958
Italy,121.1701182,123.4057819,128.0196384,126.857442,129.6778098,132.5705335,133.8727416,134.0773094,137.5363245,138.8366232
China,138.1298201,140.9628847,140.7616136,138.1903639,136.4709251,138.2875906,138.6686791,138.7591942,138.8429983,138.7821313
Micronesia (country),135.8765427,136.181643,136.6142198,136.8380951,137.0133772,137.3808984,137.892048,138.51278,138.7508415,138.7115155
Kiribati,138.7386414,139.4326244,139.7137275,139.7346925,139.7145278,139.6497221,139.5682164,139.3967463,138.9708437,138.487897
North Korea,133.5424099,134.603648,135.4476491,135.9179823,136.4389542,136.8204977,137.1219972,137.4286796,137.6212286,138.1129857
Belarus,117.9245518,117.2504424,117.9668348,122.1806084,125.1547714,127.8936423,141.2066579,142.3750711,138.8913649,137.8792502
Bulgaria,132.8936125,133.6035463,134.0787478,137.4606033,134.062506,135.1850857,136.9930045,138.2693929,137.3754503,137.7623806
High-middle SDI,131.5239066,134.7115163,135.8274696,134.0724279,133.3149242,134.7133591,135.0941216,136.5697779,136.7963098,137.7186791
Mozambique,139.6138496,140.8225646,141.0850492,140.8699186,140.6183047,140.4095917,139.9858548,139.7512711,138.4527554,137.6672773
Cameroon,129.9082464,131.3666841,132.0971207,132.9782251,134.106432,135.2613861,136.3351023,137.2669655,137.5339211,137.506131
Portugal,124.3516384,123.7220329,122.672332,127.0878816,130.002719,132.0681781,133.8215725,135.5993626,137.0290206,137.3932563
South Africa,113.9358949,120.5685317,119.1972115,117.6794278,118.4748814,121.0673143,124.3047472,128.6439897,133.3876402,136.9415754
High SDI,125.5528345,126.176618,126.716166,127.1678673,128.984913,130.5751539,132.3037992,133.2318246,135.2580982,136.8256112
Papua New Guinea,135.0604623,135.4722578,135.6583642,135.8036268,136.1682461,136.4841589,136.7555678,136.8591206,136.7823256,136.7082467
Kazakhstan,109.2135676,110.2471996,109.8662349,113.3721938,119.5258164,127.723689,131.2173335,133.0291468,131.9832513,136.6214314
South Korea,111.0244795,111.7254513,113.7888807,116.2037303,120.421498,125.151068,128.4323133,131.5602839,133.4685524,136.4553888
Bermuda,125.5374475,126.1456835,126.4527506,127.8853221,128.8545396,130.2329993,131.1286272,133.7683897,135.2335861,136.2846968
North America,127.6039935,127.1875852,125.7423272,126.1392853,126.687435,128.2580542,129.9315853,131.131124,134.3741747,136.2011056
Norway,121.3989757,121.4964222,122.8047511,126.8234677,130.9938761,130.4423859,137.379145,135.5654971,135.6115658,135.8911807
High-income,125.2007717,125.6378086,125.9262365,126.4085893,128.2512343,129.7619466,131.5554787,132.4999334,134.4696904,135.8453665
United States,127.6436255,127.0438735,125.1544253,125.6427586,126.4434357,127.8560257,129.7198125,130.6610153,133.9139659,135.6592165
Congo,133.9210547,133.8492768,135.0052937,134.2672474,133.5211638,133.7143843,133.3061811,135.5433317,134.9355644,135.5053026
Chile,130.5198493,129.7618844,129.9810607,130.3502872,133.2669907,133.8206381,135.3299787,137.9131447,138.1662795,134.9393906
Vietnam,134.1494448,134.1204249,133.7270573,133.4894923,133.2099034,133.0466965,133.072553,133.1149194,133.9294837,134.5924875
Central African Republic,124.0955627,125.6453876,127.4947097,128.9086005,130.4686328,131.2054336,132.7261344,133.4274412,133.3830239,134.1595221
Oceania,133.6974554,134.11797,134.1978832,134.1514508,134.4054927,134.5418512,134.4931212,134.3370386,134.1652585,134.0407343
"Southeast Asia, East Asia, and Oceania",132.4249604,134.6790083,134.3896053,132.4521775,131.1287138,132.7257487,133.203934,133.3328092,133.5414552,133.7089309
Germany,133.5946838,134.803196,132.6555447,130.0652036,132.9454604,131.3721587,132.6991537,133.0433545,133.710657,133.4913621
Djibouti,131.054583,131.1014494,130.9115885,131.2921505,130.7229243,130.9128352,131.1201461,131.5092756,132.6143606,133.2612274
Israel,113.450591,114.4311889,116.8149022,117.4707071,120.995703,122.9421033,126.0862926,128.0032087,129.8572605,133.0619197
Macedonia,131.2468143,131.8986704,130.0031401,123.9951936,124.7664621,128.1192037,129.2531519,132.9676786,133.9534046,133.0483826
Zambia,128.8042661,129.2542724,129.156251,129.2190561,129.9566984,130.9676566,131.805863,132.0736349,131.8547918,132.8591545
Gabon,121.8304149,122.5992375,123.1062603,123.2017668,123.6456911,125.1797714,126.2623946,126.9363298,129.7770738,131.7796467
Australasia,122.7317189,121.3777604,121.7766204,121.6631961,121.1166829,122.6340024,125.7518092,127.3725406,129.5971277,131.4244126
Guam,134.1615613,136.1780478,136.6434356,134.9258676,134.8012263,134.9043124,133.3772884,130.8669241,132.7122245,131.2916303
South Sudan,127.0447982,127.3951853,127.6022892,127.3406134,127.8739504,128.0590908,128.3931228,129.398867,130.1716309,131.090374
Spain,117.7560657,119.4279714,122.5951266,121.8424801,123.1210707,125.4247702,126.7743748,126.9925576,128.671558,130.9468478
Jamaica,137.0530611,138.9880858,136.9006194,138.187854,136.9109843,130.8178515,129.1466534,130.6827749,136.5276346,130.8318335
Australia,121.6075309,119.9256307,120.1999837,119.7082585,118.9501941,120.2327429,123.6655594,125.3624442,127.4620902,129.1751586
Lebanon,129.1029891,129.145438,129.1204336,128.9252313,128.639821,128.5266358,128.6878839,128.4005083,128.7361059,128.9751899
Andorra,124.9874701,125.3442602,125.6187432,126.4060751,126.8074592,126.9736724,127.4207095,128.2055063,128.6228057,128.6398792
Saint Vincent and the Grenadines,142.3810901,142.3937317,143.3290538,141.2475471,139.2535618,135.6535397,131.8780874,129.2505156,127.4088043,127.9054883
Iceland,121.0331136,122.309312,122.5281566,122.926745,122.5642227,122.6579009,122.8815448,125.6580281,127.9813415,127.6334305
Caribbean,128.4276431,129.2835429,128.6354391,127.5876677,126.9597949,125.9572171,125.2378272,127.3251347,128.1246441,127.6015933
Sweden,112.6792121,113.6874639,115.9244026,117.7808838,119.3077331,120.0842742,122.0378249,122.6525223,126.3149669,127.1188253
Malawi,121.2058862,122.1656446,122.2177642,122.3944163,123.2431551,124.3354445,125.2390873,125.871588,125.598702,127.041806
World,121.211455,122.5515921,122.7710781,122.0138074,122.0491422,123.1805805,124.12046,124.9862905,125.5870526,126.2995787
Comoros,124.125198,124.4486447,124.6513994,124.8456658,124.8631079,125.1863257,125.1960179,125.0396743,125.308424,125.7294924
High-income Asia Pacific,109.9995104,110.554278,111.9860228,114.868885,117.2686173,119.5904702,122.5078924,122.8465296,123.3267952,125.1924468
Austria,120.7491486,121.1147357,122.7212581,124.1154348,124.7987158,125.9507442,126.9946801,126.8275583,127.4954604,124.8919346
Northern Mariana Islands,125.0466836,126.39138,127.7283068,127.358886,127.1227274,126.1090555,125.5943986,124.5622535,124.5541074,124.7796781
Cyprus,108.4923055,109.3436928,111.8047652,113.8214405,115.4880987,116.9534952,119.1043644,121.9732979,123.5918285,124.608675
Saint Lucia,131.3905801,130.8258558,130.5259267,129.9762658,128.7858719,128.6713213,127.3851975,125.1503137,124.5337881,124.5750935
Antigua and Barbuda,121.7154974,122.1349078,122.4097168,123.2815112,122.8724299,123.6809865,123.0336395,123.0838821,123.1532716,123.7925165
Malta,117.830777,117.1051247,114.3600783,113.9230701,114.7814568,117.0530139,117.7899008,120.7770681,121.4572662,123.5776323
Solomon Islands,119.6615156,119.945221,120.4323344,120.7172884,121.140592,121.500762,121.9533427,122.3557828,122.4397934,122.5439412
Burkina Faso,124.190016,124.869475,125.1023331,125.278557,125.044312,124.7682915,124.0402452,124.4980562,122.1856474,122.3075029
Turkey,107.1087516,108.8094322,111.6580767,114.7758945,117.8616295,120.3393588,122.4525483,124.2095158,124.4773222,121.9575388
Japan,109.4996555,109.9018441,111.0141137,113.8496329,115.7155127,117.4490358,120.297025,120.0168886,120.2328015,121.897481
Ecuador,110.6735131,111.0070642,110.3943728,112.3021093,114.5778859,118.3242346,120.2499836,120.6651582,120.7163239,121.7086292
Botswana,115.8307672,117.4335893,119.4192942,119.903537,119.6189872,119.0854324,120.0001493,120.426129,121.7689205,121.4993943
Niger,111.3876679,112.3874688,113.0222601,113.9699797,114.491816,115.6523838,117.4471522,119.5054747,120.4255632,121.1418478
Moldova,112.3923557,116.5673473,120.6782115,118.8511772,115.1997571,116.3659126,118.8002094,125.6264297,124.313865,120.9324898
Libya,121.1367665,121.8855553,123.0424819,125.6760366,126.3049798,125.6267184,129.6664939,131.9719533,128.0660169,120.7269051
Sierra Leone,117.23171,118.0349876,118.756614,119.5173176,120.0367039,120.692231,120.6327185,121.3626382,120.6839172,120.3646982
Angola,112.2716155,112.9336727,113.4844293,113.8493246,116.2324718,117.0752902,117.5639792,118.232708,119.1226479,120.0311161
Laos,112.5984277,113.2163542,113.6214312,114.2332089,114.8496405,115.4189054,115.9753782,117.3780309,118.7953919,119.949596
Azerbaijan,120.6435709,119.9582981,118.5726636,118.992907,119.1968338,119.0984394,119.569505,119.8321824,119.4733926,119.5252413
Switzerland,102.8240735,104.8482601,108.0810033,109.9207199,113.0723979,114.6669387,115.1787529,118.1345182,119.6616987,119.3114171
Thailand,106.7025792,106.7781895,105.0259983,106.1022425,107.5118081,111.1697339,114.3357583,116.0658404,116.5173425,119.2169197
Sub-Saharan Africa,115.8111612,117.050664,116.9982535,116.8865579,117.0011655,117.4149393,117.8127666,118.4870276,118.7761094,119.2139149
Trinidad and Tobago,108.7964798,108.9245733,107.9825825,108.5885729,108.9953381,107.8062635,109.5382782,113.8459119,116.4703843,118.5723992
Cambodia,114.758496,115.0801479,115.1460776,115.2552715,115.5247507,116.0211039,116.5377871,117.0940858,117.4952428,118.1633706
Senegal,126.1965975,126.4356687,125.9592927,124.9168412,123.5907831,122.2854529,121.1840069,119.8323167,118.5464311,118.1208052
Chad,119.6459632,119.8081293,119.4962457,119.4134351,119.2356306,119.5914791,119.3726754,118.9514994,118.1373766,118.0671792
Eastern Sub-Saharan Africa,113.8535245,114.1801965,114.633475,115.154606,115.7137452,116.2663238,116.8574259,117.4618081,117.5611418,117.9425953
Namibia,108.5060802,108.9631122,109.2222591,109.6006943,109.5900817,109.7920054,110.517545,113.625571,115.8450141,117.3435098
Mali,118.6301931,118.9968613,117.9419519,117.5573178,117.351624,117.2388768,117.1914393,117.7451568,117.5237142,117.2620373
Burundi,109.174456,109.6136887,110.7558263,111.6009342,112.360148,113.1747259,113.7292059,114.3406539,115.14819,117.0844006
Middle SDI,115.2093052,116.3008753,115.7430446,114.4283616,113.8459153,115.0712145,116.0358762,116.7465649,116.770599,116.7104899
Finland,106.9649154,106.2588438,105.6909604,107.6957901,110.268061,111.2509949,111.9900531,114.1757545,115.0011789,115.8845867
Suriname,118.1843891,119.1819497,119.0774474,117.3400029,115.6465099,114.1427366,114.7245842,114.6121816,113.9724007,115.8742164
Andean Latin America,105.2906422,105.7288829,105.9613097,107.8529091,110.6196026,113.545302,115.9329511,117.7325893,117.9788983,115.8425206
Benin,115.6946346,116.0876218,116.7574503,117.524337,117.9519606,117.9865639,117.3924862,116.5933621,116.1614114,115.7540548
Cape Verde,120.6077375,120.8327992,119.0929458,118.9911412,118.728832,118.6074137,117.3683457,117.0202706,116.1591113,115.644884
Brazil,109.5766981,109.0143291,108.231754,108.7058954,110.2176267,111.5378369,113.0700384,114.0247302,114.5449384,115.3493028
Mauritania,118.4853558,118.5632456,118.2490291,118.0874306,117.8105752,117.3499578,116.8022595,116.1507351,115.8909427,115.3295861
Tropical Latin America,109.5229908,108.9905969,108.2258736,108.7186892,110.2487256,111.5043639,113.0365483,114.010695,114.5119097,115.2576923
Rwanda,106.8461922,106.9879118,107.7793173,108.4261042,108.8106306,109.1350515,109.8004139,110.9990952,112.2090132,114.5423835
Southeast Asia,109.4701697,109.7837152,109.499632,109.5848394,109.8185479,110.5907693,111.4454871,112.0615565,112.7315471,113.5223498
Gambia,111.4028481,112.2150728,112.7804563,113.0318844,113.2464969,113.2810621,112.8634288,112.8725308,113.1325283,113.3236841
Central Asia,107.5282419,108.4508626,108.8418255,109.4241763,110.1465796,112.015112,112.438363,112.7267595,112.5586147,113.1156366
Western Sub-Saharan Africa,116.8800839,117.4248567,116.9438566,116.4525435,115.7106549,115.2918588,114.6841598,114.3663559,113.4525963,112.9817397
Malaysia,112.4778618,111.8971719,111.7331974,112.2768434,108.6754209,108.5347136,108.4844008,112.1084482,114.2862405,112.7513449
Venezuela,110.514148,110.4388626,112.6874377,112.3679584,110.3156947,109.8424323,108.9775962,109.051779,111.2990961,111.8971962
Equatorial Guinea,112.3477875,113.1696537,112.761543,112.3247965,111.0341906,111.3264077,110.9850153,112.2201684,112.5838323,111.757139
Paraguay,108.0010631,108.7923684,108.8123462,109.9878126,112.2149132,110.7317445,112.1696229,113.9072167,113.4292359,111.6078386
Sao Tome and Principe,123.321532,123.3865331,121.641005,120.5532231,120.2964963,119.6720237,116.9713832,115.5966033,113.5034868,111.4777406
Ghana,115.4086398,116.0829557,115.3816351,114.5128655,113.8549972,113.2841088,113.1984932,113.2669407,112.2561033,111.1169781
Togo,107.253973,107.6329465,107.9067592,108.3693829,108.8461579,109.5157933,109.6954449,109.9274382,110.0993594,110.5115889
Ethiopia,101.5620123,101.4231391,101.9403704,102.741321,103.6715442,104.9315089,106.4374373,107.6022148,108.586696,108.9888224
Latin America and Caribbean,103.2867395,103.2281847,102.9014274,103.448649,104.2230104,104.9901133,106.015687,107.6653894,108.7533595,108.6650635
Central Sub-Saharan Africa,106.2203191,106.4430868,106.7441496,106.8036469,107.3367907,107.6096354,107.6317916,107.7838729,107.9126321,108.3909304
Albania,105.9919406,106.429327,106.6171584,106.7282389,106.0764636,105.9761256,106.1609791,105.8055398,106.5708686,108.1272005
Guatemala,101.5705227,101.2665559,98.24621532,99.30229693,98.34318746,101.1794193,103.1521301,106.0349685,109.3051849,107.5695252
Philippines,111.3027789,112.4100025,112.9050763,110.6606084,110.4805768,109.7446718,108.8385626,108.4568733,108.3164846,107.5492074
Madagascar,104.6839531,105.0095788,105.3093523,105.4464498,105.6713902,106.1718966,106.6817887,106.9654735,107.4123497,107.5464417
Belize,106.1432849,106.224013,105.3656045,104.2608493,104.2431082,104.3819139,104.4127082,104.9539054,106.344932,107.0175848
Costa Rica,117.5834366,117.1645982,112.4758974,110.5397828,111.5500753,112.1420184,113.0180852,115.548722,108.6162219,106.9749854
Liberia,111.099569,111.1942962,111.1601457,111.1514125,111.472656,110.7383098,108.9094617,108.3796488,107.6904183,106.5394538
Georgia,137.8448332,139.2728325,139.1553215,133.4936516,129.3276225,129.0352498,123.5065773,118.9224242,114.4955166,106.3329964
Tanzania,108.371719,108.0224851,107.7510158,107.2373434,106.91247,106.1180038,105.3147589,104.9161784,105.2835044,105.6452168
Fiji,108.1309644,108.1610817,107.7693107,107.5500626,107.6315309,107.229525,106.5310002,106.0008994,105.0955179,105.5468867
Nigeria,113.6825009,114.0802485,112.9697816,111.8378745,110.3636228,109.5267497,108.4103199,107.5612007,106.2336072,105.4461972
Cote d'Ivoire,102.8382061,103.3660139,103.9572365,104.0121569,103.9051629,103.5763642,103.0111004,103.2580575,103.3026651,103.9910114
Peru,92.35234619,92.71816859,93.24650604,95.37816863,98.81954734,101.8487289,104.8409611,107.455781,107.5887985,103.0879185
Kenya,99.18826355,99.8457446,100.1831233,100.8543753,101.8840463,103.0653038,104.1346879,105.1089601,102.8478101,102.2742423
Qatar,85.9418781,86.618135,88.74224168,90.6297617,92.26926623,94.29141021,96.58132867,99.34486802,100.4258216,101.6134309
Guyana,104.6911292,105.9238004,107.0290686,108.5874957,109.7398831,111.7703024,110.1396146,104.8408096,99.08785747,100.8009317
El Salvador,98.14826454,98.69202681,98.92934121,98.84061376,96.77544242,96.57766788,99.77473993,100.1693429,101.8004096,100.7929692
Democratic Republic of Congo,100.5594121,100.5893219,100.684828,100.6807912,100.7366272,100.8101967,100.6412062,100.4737565,100.4411209,100.7682361
Singapore,81.40208266,82.70101982,84.29132135,86.34694036,88.64788008,91.52761357,92.67323674,93.51880987,95.59155612,100.7234413
Low-middle SDI,101.9191623,102.1740087,101.557543,101.0255195,100.3473198,100.5139476,101.030453,101.4568673,101.0711781,100.7021105
Timor,105.7806972,105.8114626,105.8846808,105.5625841,104.536935,103.4203538,102.5924421,101.870776,101.1209698,100.3249474
Indonesia,98.20485142,98.29921177,97.99074567,98.10897084,98.13906125,98.41556066,98.98949984,99.032004,99.36047669,99.51602988
Dominican Republic,108.7636792,110.1319468,108.9476357,106.4816611,103.0378816,99.76892016,98.19167165,97.09631715,98.2969523,98.49650768
Puerto Rico,91.50556378,89.98509312,87.02045504,89.4766558,91.5563869,92.43009435,96.24933834,94.38424335,96.92416763,96.48849607
Colombia,86.6682355,87.00598729,86.45917795,86.17659636,86.91281327,88.41744421,89.72775898,93.8705323,96.30551045,96.36023363
Palestine,92.28071159,91.6087312,92.30352073,91.99508026,92.87131314,95.18926782,95.12883066,95.76538942,95.92246521,96.11042706
Low SDI,98.51050171,98.56985227,98.26194879,97.2912732,95.96529309,95.54177669,95.95468269,96.25399231,95.66757705,95.74810346
Central Latin America,90.71259683,90.70882156,90.67503906,91.22007924,90.98853301,91.05200139,91.53259943,93.59260448,95.44498839,95.01953903
Kyrgyzstan,83.68181084,84.82811158,88.57371123,90.34922417,90.41821267,90.58998856,90.99684467,90.99013292,91.90521619,94.01000038
Turkmenistan,90.72028206,91.05999205,91.84633372,92.76318172,91.49726734,89.56857414,88.49201843,88.42803998,90.58634867,93.6867481
Yemen,91.2629094,91.13086336,91.15062461,91.05379348,91.27800988,91.65496749,92.20967852,92.69578491,92.69720101,92.5167666
North Africa and Middle East,87.8471018,88.88858195,90.14463205,90.97594842,91.77686759,92.58615251,93.31760523,93.93079474,93.76991207,92.48868156
Panama,88.85946125,89.67372224,90.83881448,91.90452022,92.41776519,92.22986384,91.7286838,91.66202131,92.21043635,92.35603325
Mexico,86.28985194,86.11828721,86.1886866,87.3285412,87.20036303,86.4792365,86.71460296,88.63490104,90.53937121,89.77583206
Samoa,88.36407382,88.75402882,88.90703502,88.9456459,89.10196209,89.74130299,89.91172813,90.34485519,90.19666655,89.4336766
Honduras,89.40374898,89.9230031,90.09895438,90.27292062,89.6123853,89.45023854,89.18826894,88.79837074,88.76465986,89.05799747
Mauritius,87.4607167,88.79815306,88.65569007,87.69369716,86.66356144,87.09167194,85.5683917,87.01560249,88.44429649,88.69869375
Bahrain,68.8261215,69.15622857,69.50418,69.76033938,71.36844913,73.53881751,75.32193353,77.94203724,81.4070628,87.35860209
Bangladesh,83.08627375,82.16437591,82.85256984,83.52457234,81.27141882,81.18299212,83.11083485,85.23459912,85.05816157,86.38222062
Uzbekistan,85.94745842,86.75898482,87.41289364,88.05317974,87.1210566,86.26992044,85.26639445,84.74957084,85.34456898,86.00993025
Jordan,80.42931007,81.26335846,81.93168019,82.77032468,83.39128306,83.93388813,84.60326171,85.47406081,85.46442191,85.4625967
South Asia,91.87096703,91.61246664,90.26847511,88.91691022,87.25977129,86.54022438,86.86014073,86.85037404,85.54056543,84.71426624
Bhutan,80.78692966,81.2174085,81.57150607,81.93377201,82.37271194,82.80768071,83.38842632,83.9522409,84.40582239,84.5439911
Tajikistan,86.12123906,86.23843328,85.30260432,83.86764778,83.41429206,83.90504394,84.4080246,84.20196906,83.94507114,83.00271776
Iran,90.55427584,92.57136853,94.21250975,93.86484438,92.59895628,90.8211757,89.6601273,88.00237842,85.76094341,82.93488019
Sudan,81.49928643,81.71326166,81.91087811,81.9798365,82.00755464,82.08995958,82.16667342,82.39425058,82.51577045,82.57077121
Tunisia,79.96404094,80.55936006,80.97625655,81.29684231,81.54408098,81.76889619,82.02863534,82.19500836,82.34503445,82.55564849
Saudi Arabia,77.77638882,78.93309074,80.32124183,82.09762255,83.47922594,84.95471139,86.01903471,86.28043224,84.42159881,81.56079448
Egypt,79.95809188,80.11443285,79.88011587,78.68501702,78.97144369,80.9461808,81.15063438,81.88949888,82.41682492,80.38395557
Nicaragua,71.28715488,72.17895545,73.70541394,76.66451911,75.68248709,75.9901617,75.8360472,75.48820171,78.5051656,79.74751399
Morocco,77.44730588,77.95767109,78.24964864,78.46938025,78.55924731,78.74648237,79.00621981,79.15036314,79.23570179,79.35998958
Nepal,86.55864168,86.66642047,86.20762874,85.26509961,84.53927149,83.47142267,82.0525851,80.50117806,79.68640863,78.83968087
India,87.19681377,86.95775474,85.23546687,83.50871744,81.80522716,80.97748752,81.20412853,80.99097334,79.43323816,78.33864081
Sri Lanka,70.12083548,71.44695661,72.58563704,73.15967432,73.84309558,73.9735215,73.87725588,72.87189373,72.95609113,75.79005713
Iraq,56.61680212,57.48375762,59.27501183,62.83276833,65.4326621,66.29942717,68.02051438,70.30000136,71.38301008,74.08937907
Oman,65.90618323,66.3654511,69.86911637,70.88492633,72.16816423,75.81611049,76.90387716,75.03656639,74.28880497,72.82441267
Algeria,66.31742328,66.83394337,67.5749774,68.09665685,68.71703153,69.57564204,70.60576493,71.74418826,72.30119092,72.03865399
Maldives,57.74898614,57.65223268,57.5230956,57.26948984,57.31990214,57.98694859,60.61312039,62.21382226,64.27049329,68.86955875
Syria,69.57161282,69.77829157,69.7072372,69.50416867,69.13721112,68.77778375,68.65553083,68.90454841,68.42932824,68.20847234
Kuwait,50.5068526,50.22213699,49.65352231,49.58442282,49.84184199,50.68679552,50.94776593,53.17555848,56.24625582,58.99097556
